[
    {
        "customerId":10021,
        "customerAddress":"Hyderabad",
        "customerAnswer":"good",
        "customerContactNo":"7894561230",
        "customerName":"jyothiredddy",
        "customerPassword":"jyothi",
        "customerQuestion":1,
        "customerStatus":9
    },
    {
        "customerId":10051,
        "customerAddress":"Bangalore",
        "customerAnswer":"better",
        "customerContactNo":"9876452310",
        "customerName":"jyothi",
        "customerPassword":"jyo4812",
        "customerQuestion":4,
        "customerStatus":1
    },
    {
        "customerId":10041,
        "customerAddress":"Pune",
        "customerAnswer":"bad",
        "customerContactNo":"6666879541",
        "customerName":"jyothi66",
        "customerPassword":"jyothi58",
        "customerQuestion":2,
        "customerStatus":0
    }
    
    
    ]