[
    {
        "productId":"516",
        "productName":"Watch",
        "productDescription":"xyz",
        "productQuantity":"62",
        "productPrice":"5000"
    },
    {
    "productId":"517",
        "productName":"batch",
        "productDescription":"abc",
        "productQuantity":"52",
        "productPrice":"6000"
    },
    {
        "productId":"518",
        "productName":"Shoes",
        "productDescription":"lmn",
        "productQuantity":"72",
        "productPrice":"7000"   
    }
]